feature,shap_importance
Samples ,81919.18048895826
Species,36962.94849265021
Strain,0.0
