target,prediction
245490,77867.63157894737
0,77867.63157894737
403286,77867.63157894737
157208,193113.42857142858
0,77867.63157894737
961495,193113.42857142858
0,193113.42857142858
366196,77867.63157894737
0,77867.63157894737
191043,77867.63157894737
0,77867.63157894737
117105,77867.63157894737
887825,193113.42857142858
0,77867.63157894737
0,77867.63157894737
141636,77867.63157894737
670603,193113.42857142858
588447,77867.63157894737
