target,prediction_0,prediction_1,prediction_2
0,1.0,0.0,0.0
1,0.0,1.0,0.0
2,0.0,0.0,1.0
2,0.0,0.0,1.0
0,1.0,0.0,0.0
2,0.0,0.0,1.0
2,0.0,0.0,1.0
1,0.09090909090909091,0.6363636363636364,0.2727272727272727
0,1.0,0.0,0.0
0,1.0,0.0,0.0
0,1.0,0.0,0.0
0,0.0,1.0,0.0
2,0.0,0.0,1.0
1,0.0,1.0,0.0
1,0.09090909090909091,0.6363636363636364,0.2727272727272727
2,0.0,0.0,1.0
1,0.09090909090909091,0.6363636363636364,0.2727272727272727
0,1.0,0.0,0.0
