feature,shap_importance
Strain,0.16524465647605485
Samples ,0.11505942680388581
Species,0.06398631715097078
