feature,mean_importance
Samples ,0.0
Species,0.03939084601948097
Strain,0.2512135616823435
