target,prediction
245490.0,94071.68575326525
0.0,94071.68575326525
403286.0,80906.8573508984
157208.0,190587.99736407303
0.0,94071.68575326525
961494.9999999999,190587.99736407303
0.0,190587.99736407303
366196.0,94071.68575326525
0.0,94071.68575326525
191043.0,94071.68575326525
0.0,94071.68575326525
117105.0,80906.8573508984
887825.0,357539.69711571024
0.0,80906.8573508984
0.0,80906.8573508984
141636.0,80906.8573508984
670603.0,357539.69711571024
588447.0,80906.8573508984
