prediction,target
94071.68575326525,245490
94071.68575326525,0
80906.8573508984,403286
190587.99736407303,157208
94071.68575326525,0
190587.99736407303,961495
190587.99736407303,0
94071.68575326525,366196
94071.68575326525,0
94071.68575326525,191043
94071.68575326525,0
80906.8573508984,117105
357539.69711571024,887825
80906.8573508984,0
80906.8573508984,0
80906.8573508984,141636
357539.69711571024,670603
80906.8573508984,588447
